name,age,email,city,signup
Frank Cruz,38,frank.cruz@example.com,Austin,2024-12-11T23:30:00Z
Ethan Hale,51,ethan.hale@example.com,Atlanta,2024-01-07T16:30:00Z
Jack West,25,jack.west@example.com,Seattle,2024-09-10T20:00:00Z
Vera Cole,25,vera.cole@example.com,Atlanta,2024-06-06T11:15:00Z
Ian West,52,ian.west@example.com,Atlanta,2024-06-21T07:15:00Z
Paul Moss,49,paul.moss@example.com,Portland,2024-04-17T15:30:00Z
Bob Ortiz,50,bob.ortiz@example.com,Boston,2024-08-09T06:30:00Z
Chris Jones,52,chris.jones@example.com,Chicago,2024-02-08T03:15:00Z
Ethan Wong,25,ethan.wong@example.com,Chicago,2024-04-16T19:00:00Z
Ethan Jones,26,ethan.jones@example.com,Austin,2024-11-04T12:15:00Z
Ethan Nash,23,ethan.nash@example.com,Miami,2024-11-11T02:45:00Z
Diana Moss,37,diana.moss@example.com,Austin,2024-12-06T05:15:00Z
Bob Cruz,44,bob.cruz@example.com,Dallas,2024-08-26T20:15:00Z
Nina Rao,27,nina.rao@example.com,Chicago,2024-03-18T17:15:00Z
Bob Chen,44,bob.chen@example.com,Austin,2024-09-24T04:45:00Z
Mia Kim,43,mia.kim@example.com,Seattle,2024-05-07T09:15:00Z
Laura Hunt,24,laura.hunt@example.com,Boston,2024-09-14T04:00:00Z
Wendy Quill,30,wendy.quill@example.com,Dallas,2024-09-14T16:15:00Z
Ian Cruz,27,ian.cruz@example.com,Atlanta,2024-09-01T14:15:00Z
Mason Chen,30,mason.chen@example.com,Denver,2024-03-05T15:00:00Z
Julia Meyer,54,julia.meyer@example.com,Chicago,2024-11-17T16:45:00Z
Grace Meyer,54,grace.meyer@example.com,Portland,2024-04-09T01:00:00Z
George Pratt,37,george.pratt@example.com,Atlanta,2024-01-25T02:45:00Z
Uma Tran,42,uma.tran@example.com,Dallas,2024-09-07T22:30:00Z
Chris Tran,46,chris.tran@example.com,Atlanta,2024-08-17T07:30:00Z
Julia Wong,55,julia.wong@example.com,Detroit,2024-03-14T03:45:00Z
Chris Hunt,27,chris.hunt@example.com,Austin,2024-11-08T13:00:00Z
Noah Gray,54,noah.gray@example.com,Austin,2024-03-23T20:30:00Z
Jack Cole,44,jack.cole@example.com,Denver,2024-08-08T23:00:00Z
Zane Stone,26,zane.stone@example.com,Denver,2024-11-27T07:15:00Z
Bella Tran,30,bella.tran@example.com,Miami,2024-06-14T06:30:00Z
Uma Walsh,38,uma.walsh@example.com,Chicago,2024-01-11T17:45:00Z
Chris Ortiz,32,chris.ortiz@example.com,Miami,2024-06-17T19:30:00Z
George Park,30,george.park@example.com,Austin,2024-04-04T02:30:00Z
Ruby Diaz,43,ruby.diaz@example.com,Denver,2024-05-25T04:45:00Z
Theo Cole,34,theo.cole@example.com,Miami,2024-03-18T16:45:00Z
Vera Hunt,46,vera.hunt@example.com,Austin,2024-05-02T22:15:00Z
Bella Park,50,bella.park@example.com,Boston,2024-01-21T02:30:00Z
Frank Shah,30,frank.shah@example.com,Austin,2024-05-28T03:45:00Z
Alice Ives,41,alice.ives@example.com,Atlanta,2024-07-09T19:15:00Z
Carol Vance,29,carol.vance@example.com,Portland,2024-02-06T08:00:00Z
Leo Wong,32,leo.wong@example.com,Boston,2024-11-10T16:15:00Z
Sam Pratt,50,sam.pratt@example.com,Atlanta,2024-11-06T08:30:00Z
Bob Cole,33,bob.cole@example.com,Seattle,2024-01-01T23:15:00Z
George Rao,28,george.rao@example.com,Portland,2024-08-04T21:45:00Z
Rosa Stone,42,rosa.stone@example.com,Atlanta,2024-07-17T09:15:00Z
Olivia Ives,30,olivia.ives@example.com,Portland,2024-12-24T20:15:00Z
Zane Jones,57,zane.jones@example.com,Seattle,2024-03-01T02:30:00Z
Bella Hale,49,bella.hale@example.com,Seattle,2024-02-22T12:30:00Z
Mason Bell,41,mason.bell@example.com,Boston,2024-01-15T05:15:00Z
Ruby Pratt,29,ruby.pratt@example.com,Seattle,2024-05-12T10:30:00Z
Paul Diaz,29,paul.diaz@example.com,Boston,2024-04-12T05:00:00Z
Victor Lowe,30,victor.lowe@example.com,Austin,2024-08-09T16:15:00Z
Paul Tran,25,paul.tran@example.com,Seattle,2024-02-09T02:15:00Z
Zane Diaz,53,zane.diaz@example.com,Miami,2024-01-10T09:15:00Z
Frank Vance,31,frank.vance@example.com,Denver,2024-11-23T19:45:00Z
Uma Stone,54,uma.stone@example.com,Denver,2024-05-24T19:15:00Z
Carol Tran,25,carol.tran@example.com,Miami,2024-12-23T16:15:00Z
Hannah Tran,49,hannah.tran@example.com,Dallas,2024-01-27T21:15:00Z
Frank Ortiz,30,frank.ortiz@example.com,Seattle,2024-03-21T11:00:00Z
Yara Pratt,30,yara.pratt@example.com,Atlanta,2024-01-21T00:15:00Z
Fiona Cole,28,fiona.cole@example.com,Seattle,2024-08-26T02:00:00Z
Rosa Vance,40,rosa.vance@example.com,Austin,2024-12-24T15:30:00Z
Eve Cole,24,eve.cole@example.com,Portland,2024-12-25T06:15:00Z
Priya Quill,38,priya.quill@example.com,Detroit,2024-07-03T15:30:00Z
Carol Wong,30,carol.wong@example.com,Austin,2024-10-05T10:30:00Z
Priya Gray,56,priya.gray@example.com,Dallas,2024-10-05T00:45:00Z
Dan Stone,26,dan.stone@example.com,Boston,2024-11-04T22:15:00Z
Theo Stone,41,theo.stone@example.com,Boston,2024-12-17T09:45:00Z
Diana Quill,36,diana.quill@example.com,Austin,2024-09-07T09:00:00Z
Ethan Ortiz,45,ethan.ortiz@example.com,Boston,2024-08-03T16:45:00Z
Ruby Lowe,46,ruby.lowe@example.com,Portland,2024-04-03T18:00:00Z
Jack Vance,27,jack.vance@example.com,Boston,2024-06-05T19:30:00Z
Henry Knox,35,henry.knox@example.com,Portland,2024-08-16T12:00:00Z
Kara Chen,45,kara.chen@example.com,Detroit,2024-11-15T12:30:00Z
Jack Nolan,36,jack.nolan@example.com,Chicago,2024-07-11T03:30:00Z
Alice Hunt,49,alice.hunt@example.com,Chicago,2024-07-04T06:00:00Z
Sam Cole,24,sam.cole@example.com,Chicago,2024-02-13T12:00:00Z
Xander Owens,57,xander.owens@example.com,Boston,2024-01-09T03:00:00Z
Rosa Frost,57,rosa.frost@example.com,Denver,2024-04-09T13:30:00Z
Mia Knox,48,mia.knox@example.com,Miami,2024-01-26T20:45:00Z
Julia Kim,51,julia.kim@example.com,Austin,2024-01-24T13:45:00Z
Nina Reed,26,nina.reed@example.com,Boston,2024-08-02T17:15:00Z
Kara Rao,43,kara.rao@example.com,Miami,2024-06-10T09:30:00Z
Priya Cole,47,priya.cole@example.com,Miami,2024-11-08T09:45:00Z
Julia Moss,30,julia.moss@example.com,Austin,2024-03-21T05:00:00Z
Noah Tran,42,noah.tran@example.com,Detroit,2024-09-08T14:30:00Z
Chris Owens,26,chris.owens@example.com,Denver,2024-09-07T07:00:00Z
Leo Ives,28,leo.ives@example.com,Atlanta,2024-02-11T07:30:00Z
Quinn Wong,25,quinn.wong@example.com,Seattle,2024-12-28T13:45:00Z
Aaron Vance,26,aaron.vance@example.com,Portland,2024-07-09T10:00:00Z
Fiona Dean,25,fiona.dean@example.com,Dallas,2024-06-05T21:15:00Z
Frank Dean,26,frank.dean@example.com,Portland,2024-07-13T20:45:00Z
Bella Gray,30,bella.gray@example.com,Seattle,2024-03-02T13:45:00Z
Laura Stone,34,laura.stone@example.com,Seattle,2024-02-13T16:45:00Z
Chris Bell,48,chris.bell@example.com,Austin,2024-04-05T04:00:00Z
Vera Quill,32,vera.quill@example.com,Austin,2024-09-25T01:00:00Z
Ivy Shah,55,ivy.shah@example.com,Dallas,2024-01-21T22:30:00Z
Ivy Cole,42,ivy.cole@example.com,Atlanta,2024-11-14T22:00:00Z
Grace Park,52,grace.park@example.com,Boston,2024-09-19T06:45:00Z
